Alpha,Cn0
39.2856,-0.000529559
44.7312,0.00250495
49.3275,0.00710482
52.8347,0.0110978
55.2007,0.0177167
57.8412,0.0243527
62.5992,0.0359741
65.5488,0.0404718
68.5504,0.0417367
73.2335,0.0409485
76.5442,0.0400751
78.2690,0.0353280
79.2137,0.0278357
80.7247,0.0192998
83.0417,0.0118927
85.0409,0.00716255
87.8634,0.00248349
90.1024,-7.43825e-05
