Alpha,Ccbgear
-31.1637,1.09281
-28.8306,1.08358
-25.8751,1.07126
-21.0536,1.05280
-15.1445,1.03438
-8.92481,1.01596
-2.55067,1.00065
1.18012,0.993013
4.13558,0.980699
6.93663,0.965280
10.6721,0.942137
13.9421,0.917430
15.9673,0.898887
18.1488,0.877247
19.7090,0.855589
20.9579,0.835471
22.3651,0.806056
23.4605,0.779732
24.4016,0.750303
25.3446,0.714672
26.1303,0.685238
27.2315,0.640309
27.3892,0.632562