Alpha,Cc0
41.0979,-0.00114041
42.3374,0.00975007
44.1988,0.0191090
46.5258,0.0300325
48.8537,0.0378551
50.7165,0.0425629
52.8900,0.0472801
55.3742,0.0520066
58.4803,0.0552017
61.8980,0.0553054
64.5399,0.0522847
67.9586,0.0492876
70.9122,0.0431755
74.4886,0.0324311
78.0631,0.0278883
80.8617,0.0202211
83.6600,0.0141044
85.9926,0.00642308
87.8587,0.000278035