Alpha,Clbdot
1.46918,0.00880462
6.14085,0.00414468
9.45788,-0.00535599
12.4749,-0.0196658
15.3425,-0.0387801
17.9105,-0.0643036
19.8780,-0.0978452
21.9957,-0.129782
24.4151,-0.163310
27.5896,-0.203216
29.7039,-0.222353
32.4217,-0.244672
35.2893,-0.263786
38.6098,-0.286087
40.1180,-0.292442
41.1727,-0.292410
42.9801,-0.290756
44.3335,-0.281115
45.2340,-0.268288
45.8328,-0.253870
50.6071,-0.0777229
52.5512,-0.0232635
53.4504,-0.00563622
56.4593,0.00880462
